"customer_id","age","credit_score","loan_amount","employment_years","income","default"
1,48,674,31364,16,94020,"Yes"
2,32,527,53513,26,37758,"Yes"
3,68,656,38414,26,44257,"Yes"
4,31,799,15869,20,158903,"No"
5,20,809,7945,22,67822,"Yes"
6,59,652,53908,28,164518,"Yes"
7,67,784,11439,13,160047,"No"
8,60,647,66928,23,127888,"Yes"
9,54,592,16620,8,70627,"Yes"
10,69,768,75273,9,107436,"No"
11,31,704,62708,9,142920,"No"
12,42,662,5742,7,63111,"Yes"
13,43,504,44797,2,188296,"Yes"
14,44,555,22889,6,153503,"Yes"
15,22,576,16682,1,199846,"Yes"
16,68,847,49849,12,115690,"No"
17,44,671,78863,5,78221,"Yes"
18,45,571,79867,28,161314,"Yes"
19,26,625,6872,8,92200,"Yes"
20,46,651,60969,24,44839,"Yes"
21,52,707,34126,20,119357,"No"
22,25,574,28052,17,162962,"Yes"
23,43,586,25875,9,169869,"Yes"
24,24,593,43287,1,167272,"Yes"
25,59,803,58509,2,152227,"No"
26,26,770,69592,2,154320,"No"
27,36,820,46310,28,140871,"No"
28,53,681,61106,20,117174,"Yes"
29,31,765,37726,10,117549,"No"
30,34,585,27509,30,114213,"Yes"
31,60,541,42134,1,149170,"Yes"
32,56,599,11876,16,116768,"Yes"
33,70,524,64989,21,30558,"Yes"
34,29,593,64279,8,42442,"Yes"
35,32,679,15955,8,153348,"Yes"
36,49,792,78288,2,83858,"No"
37,59,526,32948,7,70995,"Yes"
38,62,700,35695,15,99339,"Yes"
39,24,710,54723,7,144126,"No"
40,26,534,60546,16,131179,"Yes"
41,58,690,5969,12,186863,"Yes"
42,27,842,57170,11,79516,"Yes"
43,40,575,11667,1,149496,"Yes"
44,44,706,39647,1,59994,"Yes"
45,70,790,78283,13,52002,"Yes"
46,24,656,65399,20,124647,"Yes"
47,70,826,35246,30,174493,"No"
48,44,533,23906,1,40424,"Yes"
49,49,700,61570,5,34513,"Yes"
50,55,802,74823,2,69433,"Yes"
51,42,628,69066,19,151072,"Yes"
52,51,765,43268,20,134004,"No"
53,46,668,71148,1,145042,"Yes"
54,22,538,64493,17,106245,"Yes"
55,25,741,35503,4,103860,"No"
56,29,714,47841,22,37345,"Yes"
57,30,602,63454,4,195009,"Yes"
58,35,579,41516,22,144415,"Yes"
59,50,845,75359,14,112196,"No"
60,44,501,44738,25,61086,"Yes"
61,42,661,67024,20,54414,"Yes"
62,55,577,59221,4,46331,"Yes"
63,38,657,13560,22,106206,"Yes"
64,32,655,69764,10,90886,"Yes"
65,58,714,51599,18,182932,"No"
66,64,685,30355,14,164817,"Yes"
67,43,785,29055,24,181354,"No"
68,48,716,19129,1,122926,"No"
69,33,825,41996,26,123674,"No"
70,69,694,29246,24,94957,"Yes"
71,47,686,60662,21,66157,"Yes"
72,23,614,22160,4,176297,"Yes"
73,60,737,18072,8,153261,"No"
74,25,547,22769,30,172573,"Yes"
75,39,637,72940,26,117845,"Yes"
76,39,527,31556,16,53378,"Yes"
77,56,703,66023,28,66402,"Yes"
78,48,741,18595,18,187390,"No"
79,65,822,26726,22,57333,"Yes"
80,34,543,66197,30,69259,"Yes"
81,67,660,29798,2,52119,"Yes"
82,66,663,77028,30,165753,"Yes"
83,51,614,60885,26,101306,"Yes"
84,21,834,44906,14,70731,"Yes"
85,30,576,65223,1,166705,"Yes"
86,22,673,7872,8,129554,"Yes"
87,68,593,16180,29,41822,"Yes"
88,42,618,75826,4,75173,"Yes"
89,69,645,46236,19,165003,"Yes"
90,39,602,33527,14,82848,"Yes"
91,42,781,46276,11,127143,"No"
92,49,791,51998,13,191674,"No"
93,63,555,44195,23,186974,"Yes"
94,42,812,76580,29,184517,"No"
95,40,502,66910,18,165472,"Yes"
96,52,716,14041,1,48297,"Yes"
97,57,510,11144,24,123794,"Yes"
98,65,550,29007,14,70554,"Yes"
99,47,771,61510,17,89974,"No"
100,29,510,74694,5,109448,"Yes"
101,48,729,49197,23,112289,"No"
102,63,722,35698,2,182090,"No"
103,47,600,75786,30,127271,"Yes"
104,52,644,33282,30,172364,"Yes"
105,31,632,73738,22,99813,"Yes"
106,46,614,10086,24,39715,"Yes"
107,49,834,79850,12,64676,"Yes"
108,24,742,6935,26,80120,"No"
109,20,595,19986,19,166139,"Yes"
110,40,817,17491,21,79428,"Yes"
111,32,590,66221,25,185926,"Yes"
112,38,588,27548,8,140583,"Yes"
113,54,642,79515,21,163907,"Yes"
114,25,622,9398,6,156333,"Yes"
115,68,790,48201,23,162298,"No"
116,27,529,37484,14,99816,"Yes"
117,67,661,59515,1,32382,"Yes"
118,59,568,7958,17,117110,"Yes"
119,61,629,72671,10,178129,"Yes"
120,51,707,14939,9,127892,"No"
121,27,522,26649,8,117017,"Yes"
122,39,715,60080,10,137540,"No"
123,29,776,67458,19,137944,"No"
124,37,774,67300,2,54061,"Yes"
125,63,710,32654,19,79797,"Yes"
126,34,710,34168,7,103038,"No"
127,63,696,10455,6,30643,"Yes"
128,52,672,7020,2,194022,"Yes"
129,57,707,12431,7,144599,"No"
130,63,531,52154,1,97767,"Yes"
131,68,547,57919,28,42286,"Yes"
132,47,770,16273,30,112336,"No"
133,32,653,8526,10,172016,"Yes"
134,41,534,60152,16,51759,"Yes"
135,66,554,69714,8,198673,"Yes"
136,40,651,79828,29,199078,"Yes"
137,60,516,7172,6,79718,"Yes"
138,24,826,56862,10,71394,"Yes"
139,46,832,33361,11,59566,"Yes"
140,32,685,61441,15,78938,"Yes"
141,40,768,11206,28,64204,"Yes"
142,43,823,20785,22,199359,"No"
143,55,626,23607,18,195169,"Yes"
144,63,524,31197,13,67523,"Yes"
145,49,528,10300,10,127658,"Yes"
146,24,680,53219,19,38899,"Yes"
147,44,515,16917,2,67294,"Yes"
148,59,668,8492,29,182333,"Yes"
149,22,739,69347,3,180614,"No"
150,23,508,51696,23,132266,"Yes"
151,33,792,39453,22,46710,"Yes"
152,41,809,13313,21,108886,"No"
153,49,713,21122,17,153926,"No"
154,38,737,15728,9,124368,"No"
155,28,735,66722,4,91213,"No"
156,53,523,42222,5,108773,"Yes"
157,61,769,27339,28,132960,"No"
158,63,657,65392,18,177862,"Yes"
159,36,608,63203,29,65830,"Yes"
160,42,689,32771,14,142056,"Yes"
161,56,615,68136,12,104806,"Yes"
162,43,795,49586,18,137320,"No"
163,26,722,19173,18,39748,"Yes"
164,24,666,15596,1,36705,"Yes"
165,51,728,20655,23,122535,"No"
166,65,571,48971,12,155820,"Yes"
167,30,738,26810,15,52736,"Yes"
168,36,769,25315,9,132216,"No"
169,69,820,78597,7,74957,"Yes"
170,64,650,20849,17,127141,"Yes"
171,56,525,14012,7,114960,"Yes"
172,21,545,76675,25,185179,"Yes"
173,18,522,49348,19,154482,"Yes"
174,57,722,56001,16,33627,"Yes"
175,47,690,38496,1,48177,"Yes"
176,47,836,17300,17,118838,"No"
177,69,755,7538,18,64279,"Yes"
178,42,538,58997,13,55184,"Yes"
179,33,826,6054,18,75014,"Yes"
180,41,544,10750,27,141929,"Yes"
181,28,802,59788,19,34531,"Yes"
182,65,831,27261,6,194158,"No"
183,37,595,25389,5,134003,"Yes"
184,57,673,54754,23,97124,"Yes"
185,20,815,50074,23,194951,"No"
186,46,582,18595,21,57038,"Yes"
187,53,844,73394,18,164810,"No"
188,69,636,31023,21,180181,"Yes"
189,61,608,5473,28,133902,"Yes"
190,39,658,75381,28,97815,"Yes"
191,66,665,51803,8,123791,"Yes"
192,59,788,49139,27,149924,"No"
193,37,835,42424,14,145292,"No"
194,28,815,38444,5,183727,"No"
195,25,571,43941,25,72516,"Yes"
196,63,632,42174,14,177913,"Yes"
197,38,818,44373,27,82028,"No"
198,62,701,53955,26,172632,"No"
199,19,847,70851,15,189102,"No"
200,60,536,79342,20,150732,"Yes"
201,30,582,63973,28,42917,"Yes"
202,63,643,68261,25,181414,"Yes"
203,23,505,23668,26,101212,"Yes"
204,25,751,35676,25,157651,"No"
205,61,679,44793,14,141812,"Yes"
206,49,699,11530,18,129798,"Yes"
207,53,588,15869,6,167747,"Yes"
208,62,594,76966,19,132303,"Yes"
209,31,801,17723,12,88671,"No"
210,70,844,6003,22,97886,"No"
211,33,763,64923,1,93371,"No"
212,40,670,41839,13,152744,"Yes"
213,50,743,21490,7,157881,"No"
214,57,779,9391,3,127203,"No"
215,57,504,44076,1,186101,"Yes"
216,27,641,34648,14,92808,"Yes"
217,42,503,18740,14,198259,"Yes"
218,25,534,40152,18,146068,"Yes"
219,35,737,58917,16,75265,"Yes"
220,70,709,77769,1,171635,"No"
221,26,765,13258,4,55103,"Yes"
222,24,511,44841,11,81554,"Yes"
223,24,627,66261,26,82597,"Yes"
224,27,758,55365,13,160077,"No"
225,41,781,32350,2,114051,"No"
226,40,703,75180,8,72727,"Yes"
227,43,728,36844,16,133473,"No"
228,60,544,47751,20,105972,"Yes"
229,50,763,32267,5,90247,"No"
230,46,838,61510,12,170737,"No"
231,68,531,49319,6,196724,"Yes"
232,27,757,67965,5,33829,"Yes"
233,70,644,64124,4,130124,"Yes"
234,30,804,59859,16,120397,"No"
235,60,699,44545,21,193524,"Yes"
236,28,806,79598,23,100841,"No"
237,42,785,16495,30,93345,"No"
238,69,710,44807,16,113269,"No"
239,43,568,38057,23,109055,"Yes"
240,24,848,19256,29,64030,"Yes"
241,42,545,20834,26,53969,"Yes"
242,40,511,45521,26,171065,"Yes"
243,43,811,79783,26,64610,"Yes"
244,49,500,42982,2,86450,"Yes"
245,37,849,16607,15,162045,"No"
246,41,625,47631,14,143481,"Yes"
247,26,551,30640,18,182531,"Yes"
248,58,506,21150,12,153713,"Yes"
249,54,696,69771,16,111912,"Yes"
250,40,791,73505,28,86941,"No"
251,31,755,52295,26,67873,"Yes"
252,63,754,39502,12,78640,"Yes"
253,23,548,10246,29,144615,"Yes"
254,44,568,28978,18,167595,"Yes"
255,18,666,21443,13,199836,"Yes"
256,43,831,29255,16,137899,"No"
257,59,689,42224,28,37631,"Yes"
258,66,720,64423,15,156925,"No"
259,34,692,15864,21,39768,"Yes"
260,46,802,30943,16,79613,"Yes"
261,43,641,28946,1,114755,"Yes"
262,44,570,67649,6,42798,"Yes"
263,38,690,31710,14,199795,"Yes"
264,24,661,51414,22,106869,"Yes"
265,70,706,74728,26,159728,"No"
266,43,752,60586,30,75518,"Yes"
267,58,609,9426,24,31503,"Yes"
268,37,755,31920,12,86952,"No"
269,23,773,71389,11,64286,"Yes"
270,67,822,8830,7,172232,"No"
271,47,551,79633,2,171726,"Yes"
272,48,690,25516,5,99054,"Yes"
273,46,664,35462,17,182930,"Yes"
274,34,517,49779,17,102773,"Yes"
275,54,668,17425,28,119711,"Yes"
276,37,820,78403,18,61778,"Yes"
277,52,794,68729,19,192456,"No"
278,42,770,52740,22,58229,"Yes"
279,63,676,58524,14,34173,"Yes"
280,50,815,60246,2,56419,"Yes"
281,19,845,6157,10,95729,"No"
282,21,517,36321,26,154341,"Yes"
283,27,534,34048,9,47559,"Yes"
284,50,697,68810,30,177630,"Yes"
285,22,553,53373,27,173580,"Yes"
286,70,670,47433,16,197644,"Yes"
287,42,751,55188,1,90705,"No"
288,25,572,11238,28,33844,"Yes"
289,42,777,10931,13,72841,"Yes"
290,38,519,45321,7,124313,"Yes"
291,62,674,64304,1,170974,"Yes"
292,35,613,67573,12,129493,"Yes"
293,59,668,45858,17,103684,"Yes"
294,48,528,59427,24,96630,"Yes"
295,23,766,42806,7,146536,"No"
296,24,519,24125,24,151502,"Yes"
297,58,735,45644,4,166810,"No"
298,65,678,16203,19,189434,"Yes"
299,34,844,52769,3,192019,"No"
300,70,768,26511,23,123937,"No"
301,62,575,49817,24,57489,"Yes"
302,45,822,37673,26,92478,"No"
303,70,591,50080,7,98125,"Yes"
304,57,766,77889,7,184026,"No"
305,70,518,32648,9,171594,"Yes"
306,24,510,56047,8,160974,"Yes"
307,37,562,66636,18,196679,"Yes"
308,35,654,27093,27,75205,"Yes"
309,46,757,32293,21,147804,"No"
310,34,751,66495,6,76674,"Yes"
311,50,730,45115,26,33013,"Yes"
312,19,727,79884,1,115220,"No"
313,66,810,65491,13,37932,"Yes"
314,19,547,73594,6,114458,"Yes"
315,30,754,68326,10,70457,"Yes"
316,41,655,11077,13,188929,"Yes"
317,66,784,10524,4,111796,"No"
318,20,695,14320,21,36835,"Yes"
319,35,668,51151,4,54746,"Yes"
320,19,611,67538,28,195211,"Yes"
321,54,594,38601,28,76728,"Yes"
322,29,750,16116,20,42488,"Yes"
323,30,606,12806,15,142808,"Yes"
324,59,636,66619,29,114704,"Yes"
325,23,838,9355,27,74156,"Yes"
326,59,655,8854,24,111546,"Yes"
327,59,770,15490,26,127066,"No"
328,55,559,72281,1,194766,"Yes"
329,65,702,35921,5,149601,"No"
330,33,720,10102,17,32915,"Yes"
331,52,516,70822,25,177846,"Yes"
332,53,540,73601,27,112850,"Yes"
333,44,524,67497,2,107043,"Yes"
334,44,738,70173,6,189807,"No"
335,52,831,23817,20,185881,"No"
336,40,774,67876,5,144478,"No"
337,20,551,13312,17,125105,"Yes"
338,48,698,58635,18,129781,"Yes"
339,65,766,73498,24,144213,"No"
340,19,642,51190,19,62082,"Yes"
341,64,700,6041,13,54059,"Yes"
342,40,843,73749,25,48104,"Yes"
343,20,838,12901,29,126866,"No"
344,26,638,32836,14,198433,"Yes"
345,56,532,64562,4,43838,"Yes"
346,47,604,27341,23,173462,"Yes"
347,48,778,60155,2,171978,"No"
348,47,747,35826,26,187863,"No"
349,26,516,71499,11,40247,"Yes"
350,53,637,21122,12,68446,"Yes"
351,51,517,28796,6,185698,"Yes"
352,39,601,53103,1,134657,"Yes"
353,61,844,38494,5,130264,"No"
354,58,570,15117,29,43143,"Yes"
355,45,579,36518,14,35321,"Yes"
356,46,630,7935,8,196609,"Yes"
357,60,726,24710,22,171394,"No"
358,56,520,20214,17,192919,"Yes"
359,62,737,51599,17,164327,"No"
360,54,817,64897,5,172634,"No"
361,60,661,7664,4,135331,"Yes"
362,50,527,12394,8,85840,"Yes"
363,36,653,12283,15,132708,"Yes"
364,29,628,55312,5,40486,"Yes"
365,51,589,40845,30,86553,"Yes"
366,38,776,44370,4,150621,"No"
367,34,620,26903,19,72407,"Yes"
368,29,662,17538,29,152314,"Yes"
369,47,593,51225,14,106364,"Yes"
370,52,511,57158,1,136022,"Yes"
371,47,748,20970,19,185131,"No"
372,42,640,25001,25,199078,"Yes"
373,67,805,27362,15,47332,"Yes"
374,64,532,5259,23,53796,"Yes"
375,20,651,22393,18,41188,"Yes"
376,68,508,79399,22,191494,"Yes"
377,35,658,30305,16,115765,"Yes"
378,49,693,50310,14,147027,"Yes"
379,34,786,6273,18,115924,"No"
380,55,559,72258,17,145424,"Yes"
381,59,590,69964,9,145635,"Yes"
382,57,598,40254,29,51735,"Yes"
383,59,724,12187,15,156034,"No"
384,49,701,42490,27,194543,"No"
385,43,670,62550,11,177910,"Yes"
386,30,646,5004,23,64711,"Yes"
387,37,738,72529,25,171613,"No"
388,55,666,54602,29,144194,"Yes"
389,37,595,74492,30,42147,"Yes"
390,46,739,32133,16,89113,"No"
391,37,805,42970,23,96783,"No"
392,47,631,23014,22,111379,"Yes"
393,58,678,69963,11,89703,"Yes"
394,65,662,10071,13,192261,"Yes"
395,25,789,27157,20,79829,"Yes"
396,56,576,21437,19,84508,"Yes"
397,27,809,16389,27,139440,"No"
398,34,729,50323,24,79642,"Yes"
399,35,822,5717,8,165570,"No"
400,57,844,16003,29,104056,"No"
401,68,712,8008,14,30851,"Yes"
402,59,808,57744,1,56216,"Yes"
403,28,632,50203,1,156084,"Yes"
404,66,760,68638,28,106279,"No"
405,61,849,38966,9,70871,"Yes"
406,19,570,79466,17,73933,"Yes"
407,36,644,32352,29,120971,"Yes"
408,30,755,49510,10,47579,"Yes"
409,30,597,32742,24,63224,"Yes"
410,48,516,14246,15,44007,"Yes"
411,47,688,5542,6,125108,"Yes"
412,68,766,67140,14,65359,"Yes"
413,39,769,53128,25,147024,"No"
414,47,660,31801,23,187845,"Yes"
415,27,661,55239,28,99942,"Yes"
416,33,637,37667,11,65283,"Yes"
417,22,725,48978,8,170025,"No"
418,53,537,33600,18,96184,"Yes"
419,67,704,65548,16,118960,"No"
420,50,767,55887,9,53453,"Yes"
421,33,790,49333,6,64076,"Yes"
422,45,603,37462,16,175876,"Yes"
423,66,686,9546,24,195265,"Yes"
424,29,532,60116,23,196769,"Yes"
425,70,737,43047,9,110929,"No"
426,45,617,18238,24,198988,"Yes"
427,19,766,22426,4,75918,"Yes"
428,67,827,35317,12,79903,"Yes"
429,29,580,45810,11,138738,"Yes"
430,64,759,13508,2,191348,"No"
431,68,575,45440,28,78728,"Yes"
432,70,802,7420,5,94899,"No"
433,23,683,63542,29,48053,"Yes"
434,33,513,50584,28,30127,"Yes"
435,32,550,8177,9,48002,"Yes"
436,36,654,43576,7,68620,"Yes"
437,20,574,78559,28,152128,"Yes"
438,63,735,27927,18,173077,"No"
439,50,774,58231,9,168753,"No"
440,50,776,44213,13,41068,"Yes"
441,65,548,28330,1,99635,"Yes"
442,28,761,63213,2,192135,"No"
443,53,824,59473,19,94791,"No"
444,61,740,26718,26,137114,"No"
445,62,715,73116,7,119260,"No"
446,27,753,66110,30,37352,"Yes"
447,59,643,70590,29,143467,"Yes"
448,41,728,59360,18,44898,"Yes"
449,45,833,17142,4,62258,"Yes"
450,56,626,51117,10,72654,"Yes"
451,35,689,19833,9,160410,"Yes"
452,34,568,71445,3,77891,"Yes"
453,37,619,67119,24,92804,"Yes"
454,26,529,12830,7,33389,"Yes"
455,70,817,24192,25,166954,"No"
456,28,615,18699,22,156097,"Yes"
457,61,567,52781,18,132077,"Yes"
458,25,567,79665,30,158202,"Yes"
459,67,595,53497,7,129329,"Yes"
460,22,591,6961,14,165550,"Yes"
461,46,679,51493,6,190376,"Yes"
462,67,569,8956,19,187621,"Yes"
463,23,797,44961,14,84688,"No"
464,27,775,73715,16,47063,"Yes"
465,43,750,40849,2,177671,"No"
466,26,574,59905,22,97125,"Yes"
467,28,795,8385,27,143540,"No"
468,23,728,59157,11,86482,"No"
469,49,723,38100,12,90987,"No"
470,29,557,45883,17,52347,"Yes"
471,36,582,31259,13,99969,"Yes"
472,44,798,21244,5,161696,"No"
473,49,756,31807,7,163954,"No"
474,44,661,66475,27,184116,"Yes"
475,47,575,33637,16,123965,"Yes"
476,21,566,72938,25,128980,"Yes"
477,41,803,25996,20,42064,"Yes"
478,45,519,58038,10,195590,"Yes"
479,20,755,76393,14,32357,"Yes"
480,63,589,7421,1,171944,"Yes"
481,57,631,58846,8,194847,"Yes"
482,23,503,65641,6,124981,"Yes"
483,53,717,43087,9,160556,"No"
484,59,716,33259,1,126072,"No"
485,65,752,60934,8,153246,"No"
486,47,580,35454,19,74995,"Yes"
487,65,712,36459,14,126317,"No"
488,69,535,8797,10,31793,"Yes"
489,27,644,29481,12,106456,"Yes"
490,42,748,75440,5,180002,"No"
491,55,558,53122,10,38746,"Yes"
492,68,568,45039,14,169117,"Yes"
493,53,720,71241,17,117807,"No"
494,58,636,39147,12,84357,"Yes"
495,42,786,11401,17,41713,"Yes"
496,21,697,57624,5,196922,"Yes"
497,32,796,21293,10,57496,"Yes"
498,69,534,65903,10,81520,"Yes"
499,39,572,30478,23,63772,"Yes"
500,70,804,66052,9,58391,"Yes"
501,66,750,47622,20,113856,"No"
502,41,581,25643,11,83331,"Yes"
503,56,832,10871,30,152730,"No"
504,64,674,60394,15,128812,"Yes"
505,54,592,22155,19,193761,"Yes"
506,63,733,58487,4,59278,"Yes"
507,64,808,59578,17,164881,"No"
508,32,771,71813,23,108102,"No"
509,33,642,28567,8,180447,"Yes"
510,36,846,67125,9,46338,"Yes"
511,25,649,46720,23,176565,"Yes"
512,48,635,10263,19,42582,"Yes"
513,54,820,40320,27,180380,"No"
514,56,713,25229,7,47481,"Yes"
515,69,697,18451,21,91967,"Yes"
516,65,760,63908,21,186956,"No"
517,33,508,14410,20,164370,"Yes"
518,26,786,72376,20,127444,"No"
519,28,566,71807,6,175416,"Yes"
520,60,531,15329,26,38709,"Yes"
521,68,808,51780,18,95517,"No"
522,47,522,72249,8,109762,"Yes"
523,27,581,56441,12,121022,"Yes"
524,51,813,78999,30,168253,"No"
525,55,614,27341,10,185485,"Yes"
526,37,780,41853,6,183971,"No"
527,63,793,31752,30,172453,"No"
528,31,529,72139,21,140115,"Yes"
529,23,665,43442,28,111054,"Yes"
530,35,631,7909,27,118436,"Yes"
531,19,708,32469,6,139995,"No"
532,25,569,24697,13,157356,"Yes"
533,28,653,23058,21,78378,"Yes"
534,38,538,65333,8,199744,"Yes"
535,24,625,22137,17,80094,"Yes"
536,68,730,41932,26,195351,"No"
537,40,830,71347,8,85316,"No"
538,25,648,15453,27,117440,"Yes"
539,27,614,31378,12,198874,"Yes"
540,54,827,27381,12,129152,"No"
541,34,516,53575,24,104801,"Yes"
542,23,849,8641,28,153515,"No"
543,57,833,78983,16,103566,"No"
544,69,634,37899,16,89249,"Yes"
545,23,694,62200,30,39349,"Yes"
546,64,715,54787,23,171756,"No"
547,45,706,15266,1,191705,"No"
548,49,779,53501,23,163202,"No"
549,66,586,27998,14,156722,"Yes"
550,52,545,6547,16,30420,"Yes"
551,45,526,20040,10,177082,"Yes"
552,64,548,55867,29,165280,"Yes"
553,37,635,10007,15,114215,"Yes"
554,18,724,18070,24,65083,"Yes"
555,22,841,45743,27,119742,"No"
556,28,597,14744,7,48438,"Yes"
557,64,576,74288,3,173921,"Yes"
558,37,710,68076,4,31863,"Yes"
559,19,594,60987,15,93522,"Yes"
560,65,519,23156,13,107854,"Yes"
561,68,656,77964,14,173565,"Yes"
562,27,683,29452,19,146966,"Yes"
563,68,745,67284,14,75059,"Yes"
564,66,636,47245,1,69181,"Yes"
565,24,707,39889,6,169100,"No"
566,55,712,61177,17,61153,"Yes"
567,61,724,11186,24,47623,"Yes"
568,53,754,17761,3,37943,"Yes"
569,70,548,7434,3,84118,"Yes"
570,40,541,63788,1,167409,"Yes"
571,68,638,20570,17,52477,"Yes"
572,51,564,74894,18,150395,"Yes"
573,41,702,17439,9,78687,"Yes"
574,21,612,52785,14,189961,"Yes"
575,46,817,54267,15,113316,"No"
576,40,741,63643,16,35508,"Yes"
577,28,722,27596,13,197442,"No"
578,50,513,56892,25,45468,"Yes"
579,68,731,39867,17,126205,"No"
580,67,843,59380,30,56867,"Yes"
581,65,536,41521,9,58977,"Yes"
582,20,592,74263,9,191974,"Yes"
583,50,637,67608,8,77986,"Yes"
584,47,548,74537,8,112916,"Yes"
585,51,551,11382,16,82295,"Yes"
586,19,649,41289,19,154831,"Yes"
587,57,671,53036,12,106251,"Yes"
588,37,754,15190,18,80643,"No"
589,31,766,33520,18,153809,"No"
590,42,773,46673,18,162138,"No"
591,62,626,42097,22,74011,"Yes"
592,24,639,11950,15,190988,"Yes"
593,57,698,22489,25,77558,"Yes"
594,52,673,71236,12,58327,"Yes"
595,48,837,51124,11,60002,"Yes"
596,39,690,68874,1,37150,"Yes"
597,33,804,27505,8,183906,"No"
598,39,825,12119,26,138364,"No"
599,46,529,29567,18,141802,"Yes"
600,50,697,45170,3,95445,"Yes"
601,61,791,70648,17,157027,"No"
602,67,680,27557,7,150360,"Yes"
603,70,656,5205,15,178632,"Yes"
604,48,792,26258,21,136650,"No"
605,63,688,59088,26,124181,"Yes"
606,25,681,29026,13,31544,"Yes"
607,41,682,30011,21,122084,"Yes"
608,47,545,63205,7,120164,"Yes"
609,40,550,64406,9,125963,"Yes"
610,54,531,69089,21,115023,"Yes"
611,49,661,53128,18,78676,"Yes"
612,34,706,34926,25,64207,"Yes"
613,43,765,50373,24,195818,"No"
614,60,824,8338,26,88983,"No"
615,40,760,62309,11,149858,"No"
616,43,682,42977,30,103294,"Yes"
617,53,740,53269,16,168707,"No"
618,62,621,76258,26,63733,"Yes"
619,25,613,45126,1,129187,"Yes"
620,32,629,56216,26,150338,"Yes"
621,53,754,8539,11,123195,"No"
622,62,817,34719,4,43014,"Yes"
623,20,638,21924,12,131909,"Yes"
624,56,819,56034,7,50859,"Yes"
625,50,600,36450,30,189758,"Yes"
626,55,580,5947,12,165959,"Yes"
627,62,737,33413,6,198643,"No"
628,43,598,12873,20,45195,"Yes"
629,45,684,6201,4,55515,"Yes"
630,43,849,34305,1,126913,"No"
631,34,786,11874,6,194893,"No"
632,40,550,77735,21,133893,"Yes"
633,70,725,40303,1,119914,"No"
634,55,516,75527,24,162846,"Yes"
635,27,614,41557,24,103345,"Yes"
636,62,828,22241,5,53085,"Yes"
637,55,817,8837,1,79836,"Yes"
638,58,621,53234,13,88175,"Yes"
639,25,686,43257,4,161965,"Yes"
640,18,685,16798,7,167720,"Yes"
641,33,585,44573,20,142691,"Yes"
642,19,531,39461,14,49039,"Yes"
643,57,601,53696,8,196878,"Yes"
644,31,603,13934,26,129488,"Yes"
645,29,623,78286,14,164678,"Yes"
646,43,628,71810,10,163039,"Yes"
647,25,570,57191,8,188191,"Yes"
648,58,846,21161,4,97850,"No"
649,25,570,50815,19,88912,"Yes"
650,26,535,71429,2,140436,"Yes"
651,69,824,34744,23,76561,"Yes"
652,50,574,21855,9,170613,"Yes"
653,20,782,39255,1,154149,"No"
654,57,541,24348,17,135555,"Yes"
655,19,574,8485,12,142864,"Yes"
656,18,532,67793,16,43701,"Yes"
657,26,605,24130,19,167558,"Yes"
658,24,531,77618,9,169031,"Yes"
659,30,748,73653,25,142537,"No"
660,46,842,29197,8,182159,"No"
661,37,584,66654,16,111977,"Yes"
662,31,799,53961,16,83899,"No"
663,33,689,31350,16,108482,"Yes"
664,24,595,50268,11,42617,"Yes"
665,53,539,35159,23,129289,"Yes"
666,62,578,60791,20,44815,"Yes"
667,29,723,74584,5,123965,"No"
668,42,698,55049,4,38696,"Yes"
669,44,769,37928,10,46534,"Yes"
670,30,803,17640,29,115264,"No"
671,37,588,31686,15,61760,"Yes"
672,27,758,70667,3,86278,"No"
673,47,778,54375,6,77988,"Yes"
674,58,574,13384,20,30599,"Yes"
675,29,816,8017,11,187161,"No"
676,25,622,41181,10,156356,"Yes"
677,24,850,11396,25,126797,"No"
678,32,817,58091,6,63788,"Yes"
679,36,694,57267,12,59541,"Yes"
680,66,754,7959,28,165355,"No"
681,60,687,49156,19,181735,"Yes"
682,56,846,36771,14,54007,"Yes"
683,68,548,25785,14,76896,"Yes"
684,40,844,73496,14,68151,"Yes"
685,52,783,79405,27,44683,"Yes"
686,23,704,20178,19,102114,"No"
687,24,799,5531,25,198623,"No"
688,21,732,69845,15,44871,"Yes"
689,27,806,76224,20,113331,"No"
690,34,530,40525,16,49423,"Yes"
691,65,729,22815,21,70823,"Yes"
692,25,832,67105,9,169139,"No"
693,70,574,69203,11,69743,"Yes"
694,20,684,25577,24,125478,"Yes"
695,61,545,47044,24,80693,"Yes"
696,70,806,21857,25,166051,"No"
697,63,559,60080,5,178371,"Yes"
698,54,817,55785,28,116568,"No"
699,31,810,47045,7,149369,"No"
700,45,613,62524,21,50169,"Yes"
701,23,777,6681,18,150264,"No"
702,26,744,78363,26,109939,"No"
703,50,511,64641,3,187207,"Yes"
704,69,543,69982,2,174461,"Yes"
705,63,816,10820,26,117489,"No"
706,36,719,61134,25,169111,"No"
707,54,676,38126,7,139612,"Yes"
708,51,671,59034,23,153303,"Yes"
709,18,821,38280,8,70078,"Yes"
710,45,664,7355,11,98845,"Yes"
711,69,774,56024,10,110357,"No"
712,47,576,9306,10,143820,"Yes"
713,21,602,31888,4,71167,"Yes"
714,43,593,36233,21,92460,"Yes"
715,28,555,36421,7,100270,"Yes"
716,22,643,74331,1,183235,"Yes"
717,53,607,57349,27,170989,"Yes"
718,36,601,72948,21,134728,"Yes"
719,52,555,56775,27,175330,"Yes"
720,50,525,22598,15,134757,"Yes"
721,56,672,32848,26,196791,"Yes"
722,22,793,75173,13,120977,"No"
723,40,509,10917,29,41043,"Yes"
724,58,509,33783,5,182099,"Yes"
725,42,537,60797,15,140646,"Yes"
726,66,718,37370,25,119941,"No"
727,38,806,65189,1,51764,"Yes"
728,22,714,23453,29,176339,"No"
729,29,809,24348,5,118536,"No"
730,19,840,51751,3,169953,"No"
731,35,821,20563,13,80667,"No"
732,21,714,27541,19,51976,"Yes"
733,59,646,9573,16,74540,"Yes"
734,64,832,70809,11,118494,"No"
735,40,532,78225,17,183916,"Yes"
736,25,793,25815,14,189335,"No"
737,18,563,13619,24,49010,"Yes"
738,28,664,33840,5,106451,"Yes"
739,54,698,73890,17,59150,"Yes"
740,28,525,29457,27,160087,"Yes"
741,32,674,20982,23,30146,"Yes"
742,32,728,13831,3,144073,"No"
743,59,792,69013,16,170123,"No"
744,32,531,72505,9,157584,"Yes"
745,32,622,63368,27,189578,"Yes"
746,69,544,14820,23,132952,"Yes"
747,61,795,52969,12,192553,"No"
748,58,742,57473,9,130418,"No"
749,42,535,62790,22,78560,"Yes"
750,53,683,34283,3,130362,"Yes"
751,20,549,43702,21,37263,"Yes"
752,24,567,22848,12,86430,"Yes"
753,21,539,44643,9,133805,"Yes"
754,57,783,16705,21,75389,"Yes"
755,70,840,76394,17,44222,"Yes"
756,54,809,14541,21,157140,"No"
757,41,554,45101,6,126684,"Yes"
758,55,620,38869,9,44732,"Yes"
759,21,663,36399,27,90919,"Yes"
760,20,801,40317,24,165026,"No"
761,28,850,15387,26,38032,"Yes"
762,27,511,72926,1,164962,"Yes"
763,46,510,28171,11,176629,"Yes"
764,40,715,36616,23,111667,"No"
765,22,529,25815,21,172422,"Yes"
766,41,753,17019,20,45695,"Yes"
767,49,715,17856,3,174879,"No"
768,42,772,26644,22,113774,"No"
769,28,573,50246,7,113559,"Yes"
770,27,809,16137,22,178391,"No"
771,32,569,56647,6,199030,"Yes"
772,68,701,62634,15,52459,"Yes"
773,48,710,39166,5,74747,"Yes"
774,27,601,37690,20,102787,"Yes"
775,62,750,30109,24,131152,"No"
776,41,668,48650,18,33871,"Yes"
777,52,591,25198,12,61716,"Yes"
778,67,623,60512,30,192890,"Yes"
779,27,547,48649,30,55568,"Yes"
780,25,736,13522,25,36421,"Yes"
781,61,828,38483,16,153099,"No"
782,59,754,33108,27,100111,"No"
783,49,762,10111,23,179426,"No"
784,56,678,19036,18,69478,"Yes"
785,24,837,15624,7,122700,"No"
786,55,843,65422,10,143816,"No"
787,34,827,54245,6,138815,"No"
788,37,691,55240,13,119755,"Yes"
789,50,815,73021,16,144190,"No"
790,54,515,51404,29,49116,"Yes"
791,27,546,59005,24,54010,"Yes"
792,62,560,50664,6,97493,"Yes"
793,27,817,22939,9,199585,"No"
794,19,652,33977,9,111260,"Yes"
795,32,707,38858,25,198294,"No"
796,40,824,23967,21,194095,"No"
797,64,778,68884,6,62020,"Yes"
798,57,566,46844,7,36620,"Yes"
799,52,569,70844,30,189607,"Yes"
800,19,510,63437,16,43620,"Yes"
801,23,734,31043,8,119100,"No"
802,63,724,29891,15,151054,"No"
803,64,689,53216,25,114246,"Yes"
804,68,827,62604,21,192984,"No"
805,26,570,26039,2,65456,"Yes"
806,40,578,15249,29,188915,"Yes"
807,42,598,55423,27,127194,"Yes"
808,32,506,44986,24,66801,"Yes"
809,39,755,48389,28,42232,"Yes"
810,65,512,70027,27,184083,"Yes"
811,25,839,24060,30,140254,"No"
812,46,700,29465,25,152895,"Yes"
813,58,744,60048,18,51137,"Yes"
814,38,748,5608,11,96412,"No"
815,65,719,32994,11,43035,"Yes"
816,26,572,64426,24,66493,"Yes"
817,51,723,79335,24,91681,"No"
818,58,748,39741,10,33988,"Yes"
819,60,746,32523,5,75198,"Yes"
820,28,710,75759,10,62783,"Yes"
821,21,533,73489,17,125650,"Yes"
822,24,688,64672,23,59014,"Yes"
823,67,683,11383,20,54260,"Yes"
824,28,831,16700,23,155875,"No"
825,50,829,48992,28,132695,"No"
826,28,515,43930,28,31797,"Yes"
827,55,597,47367,5,31614,"Yes"
828,38,573,48819,28,136542,"Yes"
829,27,742,42997,22,71519,"Yes"
830,67,693,49469,23,46399,"Yes"
831,20,648,14072,1,174942,"Yes"
832,52,635,34906,19,81738,"Yes"
833,51,788,51847,4,147164,"No"
834,57,706,65919,18,60965,"Yes"
835,45,843,37799,17,30416,"Yes"
836,30,515,59742,8,123940,"Yes"
837,25,759,45632,29,104045,"No"
838,19,666,62781,4,147873,"Yes"
839,23,597,8947,23,40713,"Yes"
840,40,847,15035,21,137123,"No"
841,34,710,29949,21,198663,"No"
842,49,650,46755,10,197519,"Yes"
843,31,646,32057,16,32097,"Yes"
844,24,826,17928,27,66995,"Yes"
845,30,703,63968,8,45779,"Yes"
846,25,812,78417,14,103287,"No"
847,55,675,50060,16,88576,"Yes"
848,28,522,59536,22,92031,"Yes"
849,59,638,68457,25,83524,"Yes"
850,34,545,37861,5,123055,"Yes"
851,24,588,33510,16,56485,"Yes"
852,61,588,30648,25,64412,"Yes"
853,36,772,29446,11,50361,"Yes"
854,66,777,15789,15,144903,"No"
855,57,704,10375,11,181708,"No"
856,32,841,50228,20,48750,"Yes"
857,63,780,47208,14,187262,"No"
858,31,815,13145,9,44661,"Yes"
859,43,715,63594,23,66770,"Yes"
860,44,621,30984,4,125765,"Yes"
861,34,601,11365,28,163301,"Yes"
862,50,770,63310,3,83495,"No"
863,67,732,79159,30,83129,"No"
864,35,642,30985,1,112650,"Yes"
865,37,535,56804,23,40716,"Yes"
866,44,524,17646,20,136681,"Yes"
867,59,504,5922,6,33012,"Yes"
868,27,580,53530,21,153665,"Yes"
869,70,550,7323,25,170740,"Yes"
870,26,755,34005,12,30568,"Yes"
871,48,587,6667,5,104384,"Yes"
872,36,574,78684,17,149394,"Yes"
873,67,634,73643,14,96002,"Yes"
874,35,770,15470,3,39573,"Yes"
875,61,717,76286,27,176365,"No"
876,61,842,13545,15,84079,"No"
877,45,766,17870,29,50957,"Yes"
878,38,547,75836,24,197224,"Yes"
879,46,780,61191,30,90829,"No"
880,53,637,7171,29,111760,"Yes"
881,37,783,18999,15,84917,"No"
882,40,633,34551,23,89017,"Yes"
883,59,511,61309,4,161880,"Yes"
884,22,646,41501,30,189454,"Yes"
885,19,735,39366,6,146402,"No"
886,35,763,38001,4,178664,"No"
887,29,554,38562,23,32921,"Yes"
888,30,847,75517,11,163362,"No"
889,60,608,44001,15,152795,"Yes"
890,68,803,54785,1,137799,"No"
891,55,753,42682,1,69040,"Yes"
892,35,832,21598,12,113048,"No"
893,27,736,27822,24,51337,"Yes"
894,26,680,6988,28,51403,"Yes"
895,52,838,26984,27,30055,"Yes"
896,46,530,72024,2,140850,"Yes"
897,39,702,8347,20,36838,"Yes"
898,36,607,54982,20,165072,"Yes"
899,25,702,57373,2,187148,"No"
900,62,656,29005,19,138257,"Yes"
901,50,532,49141,14,123179,"Yes"
902,19,654,51701,15,162760,"Yes"
903,60,652,48605,12,100562,"Yes"
904,65,827,67986,1,174018,"No"
905,22,847,66177,15,157655,"No"
906,38,555,48017,27,125001,"Yes"
907,48,795,77034,17,67435,"Yes"
908,53,562,18031,17,50354,"Yes"
909,44,571,31850,19,156530,"Yes"
910,40,765,7849,12,182529,"No"
911,20,514,52190,2,178961,"Yes"
912,32,797,69306,27,88475,"No"
913,59,651,38371,7,77551,"Yes"
914,56,603,24766,27,59930,"Yes"
915,24,847,27609,29,103884,"No"
916,51,539,76598,15,70990,"Yes"
917,48,645,12333,3,173996,"Yes"
918,35,574,65941,15,166404,"Yes"
919,35,629,24953,13,107897,"Yes"
920,52,627,30044,27,48395,"Yes"
921,57,646,24135,5,113602,"Yes"
922,63,739,35975,30,104067,"No"
923,26,693,60167,8,105341,"Yes"
924,32,620,52487,15,197061,"Yes"
925,34,796,43352,29,100775,"No"
926,24,714,65661,14,193462,"No"
927,47,760,66730,2,141891,"No"
928,25,621,70643,4,65329,"Yes"
929,18,761,53717,2,63228,"Yes"
930,26,613,38137,1,112887,"Yes"
931,52,708,9001,22,118000,"No"
932,42,782,63056,27,174911,"No"
933,19,639,33034,7,80954,"Yes"
934,28,597,34465,23,154896,"Yes"
935,21,629,52755,24,139038,"Yes"
936,57,835,19935,13,190754,"No"
937,37,642,67276,15,142570,"Yes"
938,28,560,21935,2,175173,"Yes"
939,35,616,66233,15,69614,"Yes"
940,31,651,35528,20,67100,"Yes"
941,20,789,59162,20,96159,"No"
942,45,798,45242,20,159175,"No"
943,20,667,31891,22,101532,"Yes"
944,63,558,38003,22,161355,"Yes"
945,45,529,71983,27,193831,"Yes"
946,46,643,21728,24,196642,"Yes"
947,56,812,48473,13,197503,"No"
948,40,563,45450,27,108696,"Yes"
949,32,674,49359,10,126715,"Yes"
950,40,704,59891,3,119773,"No"
951,41,846,39616,6,51254,"Yes"
952,57,709,77454,26,119901,"No"
953,50,610,33426,28,135728,"Yes"
954,54,799,37177,21,140073,"No"
955,46,616,8886,2,66549,"Yes"
956,66,752,59014,5,143083,"No"
957,23,726,14264,24,187653,"No"
958,42,813,59182,22,145406,"No"
959,59,753,29673,14,188039,"No"
960,43,539,51363,22,58490,"Yes"
961,41,719,67789,18,59327,"Yes"
962,61,817,79062,5,60371,"Yes"
963,49,709,14310,27,99224,"No"
964,25,603,19850,24,136881,"Yes"
965,33,777,23216,26,76901,"Yes"
966,56,751,64011,25,126707,"No"
967,49,845,13844,5,158686,"No"
968,56,665,76078,17,123731,"Yes"
969,18,791,74382,29,77096,"Yes"
970,47,514,37780,29,76061,"Yes"
971,42,676,62478,9,146895,"Yes"
972,60,654,64055,15,138915,"Yes"
973,20,571,31043,18,123333,"Yes"
974,39,812,60345,14,76753,"Yes"
975,34,585,77417,2,80076,"Yes"
976,37,641,49806,4,118382,"Yes"
977,52,735,66339,27,155039,"No"
978,31,571,27106,29,64153,"Yes"
979,54,758,68275,24,41273,"Yes"
980,67,563,19947,8,72642,"Yes"
981,41,669,27720,3,38359,"Yes"
982,47,518,49218,4,43528,"Yes"
983,25,658,22442,17,155256,"Yes"
984,37,671,29023,2,99514,"Yes"
985,27,620,20397,10,197924,"Yes"
986,39,608,63556,18,125151,"Yes"
987,67,653,11062,24,137975,"Yes"
988,34,656,34492,5,175563,"Yes"
989,26,794,16203,5,199724,"No"
990,52,684,18887,29,108789,"Yes"
991,54,750,43180,17,173680,"No"
992,38,503,21374,22,99497,"Yes"
993,33,509,19317,1,77228,"Yes"
994,69,707,67623,14,181930,"No"
995,43,707,53276,12,191008,"No"
996,52,534,27583,14,68921,"Yes"
997,52,614,70901,28,149514,"Yes"
998,43,529,12758,19,184146,"Yes"
999,30,776,68953,15,164455,"No"
1000,53,537,62943,19,189616,"Yes"
